{"RuleTriggered": 6, "Violations": 6, "Details": {"algo-1": {"cpu": {"p25": 13.245, "p50": 19.23875, "p75": 28.2096875, "p95": 44.74625, "upper": 50.65671875, "lower": 0.49}, "gpu0": {"p25": 0.0, "p50": 0.0, "p75": 0.0, "p95": 5.0, "upper": 0.0, "lower": 0.0}, "gpu0_memory": {"p25": 0.0, "p50": 0.0, "p75": 0.0, "p95": 0.0, "upper": 0.0, "lower": 0.0}}, "last_timestamp": 1706795700000000}, "Datapoints": 1716, "RuleParameters": "cpu_threshold_p95:70\ngpu_threshold_p95:70\ngpu_memory_threshold_p95:70\npatience:1000\nwindow:500"}