{"RuleTriggered": 1, "Violations": 2, "Details": {"pin_memory": false, "num_workers": 0, "cores": 8, "dataloaders": 1, "dataloading_time": {"p25": 7.025889749999999, "p50": 7.409616, "p95": 8.086789, "probs": [1, 0, 1, 0, 0, 1, 0, 0, 0, 0, 0, 0, 0, 1, 0, 0, 1, 0, 0, 1, 0, 0, 0, 0, 0, 0, 0, 0, 0, 0, 0, 0, 0, 0, 0, 0, 0, 0, 0, 0, 0, 0, 0, 0, 0, 0, 0, 0, 0, 0, 0, 0, 0, 0, 0, 0, 0, 0, 0, 0, 0, 0, 0, 0, 0, 0, 0, 0, 1, 0, 0, 0, 0, 0, 0, 0, 0, 0, 0, 0, 0, 0, 0, 2, 1, 0, 0, 0, 0, 0, 0, 0, 0, 0, 0, 0, 0, 0, 0, 2], "binedges": [6.881875, 6.89392414, 6.9059732799999995, 6.91802242, 6.93007156, 6.9421207, 6.95416984, 6.96621898, 6.97826812, 6.99031726, 7.0023664, 7.01441554, 7.02646468, 7.03851382, 7.05056296, 7.0626121, 7.07466124, 7.0867103799999995, 7.09875952, 7.11080866, 7.1228578, 7.13490694, 7.14695608, 7.15900522, 7.171054359999999, 7.1831035, 7.19515264, 7.20720178, 7.2192509199999995, 7.23130006, 7.2433492, 7.25539834, 7.2674474799999995, 7.27949662, 7.29154576, 7.3035949, 7.31564404, 7.32769318, 7.33974232, 7.351791459999999, 7.3638406, 7.37588974, 7.38793888, 7.3999880199999994, 7.41203716, 7.4240863, 7.43613544, 7.4481845799999995, 7.46023372, 7.47228286, 7.484332, 7.4963811399999996, 7.50843028, 7.52047942, 7.532528559999999, 7.5445777, 7.55662684, 7.56867598, 7.580725119999999, 7.59277426, 7.6048234, 7.616872539999999, 7.6289216799999995, 7.64097082, 7.65301996, 7.6650691, 7.6771182399999995, 7.68916738, 7.70121652, 7.713265659999999, 7.7253148, 7.73736394, 7.74941308, 7.761462219999999, 7.77351136, 7.7855605, 7.797609639999999, 7.8096587799999995, 7.82170792, 7.83375706, 7.8458062, 7.8578553399999995, 7.86990448, 7.88195362, 7.894002759999999, 7.9060519, 7.91810104, 7.93015018, 7.942199319999999, 7.95424846, 7.9662976, 7.978346739999999, 7.9903958799999995, 8.00244502, 8.01449416, 8.0265433, 8.038592439999999, 8.050641579999999, 8.062690719999999, 8.07473986, 8.086789]}}, "Datapoints": 12, "RuleParameters": "min_threshold:70\nmax_threshold:200"}