{"RuleTriggered": 0, "Violations": 31, "Details": {"low_gpu_utilization": 1678, "bottlenecks": {"1706795742.501993": {"GPUs": 1, "CPUs": 1}, "1706795743.001841": {"GPUs": 1, "CPUs": 2}, "1706795743.501463": {"GPUs": 1, "CPUs": 2}, "1706795744.001105": {"GPUs": 1, "CPUs": 1}, "1706795746.00114": {"GPUs": 1, "CPUs": 2}, "1706795797.002028": {"GPUs": 1, "CPUs": 1}, "1706795797.501767": {"GPUs": 1, "CPUs": 1}, "1706795839.001724": {"GPUs": 1, "CPUs": 1}, "1706795842.501096": {"GPUs": 1, "CPUs": 1}, "1706796003.002149": {"GPUs": 1, "CPUs": 2}, "1706796010.502": {"GPUs": 1, "CPUs": 1}, "1706796017.001464": {"GPUs": 1, "CPUs": 1}, "1706796018.001784": {"GPUs": 1, "CPUs": 1}, "1706796050.001494": {"GPUs": 1, "CPUs": 1}, "1706796051.002042": {"GPUs": 1, "CPUs": 1}, "1706796052.501608": {"GPUs": 1, "CPUs": 1}, "1706796053.002043": {"GPUs": 1, "CPUs": 1}, "1706796053.501433": {"GPUs": 1, "CPUs": 1}, "1706796055.501786": {"GPUs": 1, "CPUs": 1}, "1706796056.002101": {"GPUs": 1, "CPUs": 1}, "1706796057.001873": {"GPUs": 1, "CPUs": 1}, "1706796057.501041": {"GPUs": 1, "CPUs": 1}, "1706796058.001102": {"GPUs": 1, "CPUs": 1}, "1706796059.501858": {"GPUs": 1, "CPUs": 1}, "1706796060.002072": {"GPUs": 1, "CPUs": 1}, "1706796061.502076": {"GPUs": 1, "CPUs": 1}, "1706796062.501569": {"GPUs": 1, "CPUs": 1}, "1706796065.001716": {"GPUs": 1, "CPUs": 1}, "1706796065.502068": {"GPUs": 1, "CPUs": 1}, "1706796069.502036": {"GPUs": 1, "CPUs": 1}, "1706796070.001408": {"GPUs": 1, "CPUs": 1}}}, "Datapoints": 1718, "RuleParameters": "threshold:50\nio_threshold:50\ngpu_threshold:10\npatience:1000"}