{"RuleTriggered": 0, "Violations": 0, "Details": {"step_num": {"first": 1706796032519633, "last": 1706796580382994}, "job_start": 1706795741.501132, "job_end": 1706796599.502343}, "Datapoints": 47, "RuleParameters": "threshold:20"}