{"RuleTriggered": 0, "Violations": 0, "Details": {"ratio": {"gpu_functions-dev:0": 50.44226567546824, "cpu_functions": 49.55773432453176}, "phase": {"Step:ModeKeys.TRAIN": 82.35675234209924, "others": 13.520286883511973, "Step:ModeKeys.EVAL": 4.122960774388781}, "phase_time": {}, "CPU": {"aten::to": 4.892181634039398, "aten::copy_": 5.250517589654808, "enumerate(DataLoader)#_SingleProcessDataLoaderIter.__next__": 89.8573007763058}, "CPU_total": {"aten::to": 4849368, "aten::copy_": 5204568, "enumerate(DataLoader)#_SingleProcessDataLoaderIter.__next__": 89070920}, "GPU": {"aten::to": 4.819235714585371, "aten::copy_": 5.213091863690489, "enumerate(DataLoader)#_SingleProcessDataLoaderIter.__next__": 89.96767242172415}, "GPU_total": {"aten::to": 4714469, "aten::copy_": 5099763, "enumerate(DataLoader)#_SingleProcessDataLoaderIter.__next__": 88011840}, "general": {"DataLoaderIterInitialize": 0.00016391127478953378, "DataLoaderIter": 16.755280326404232, "Forward": 83.24455576232099}}, "Datapoints": 0, "RuleParameters": ""}