{"RuleTriggered": 8, "Violations": 8, "Details": {"algo-1": {"cpu": {"p25": 13.2271875, "p50": 19.12625, "p75": 24.6775, "p95": 45.25381249999997, "upper": 41.85296875, "lower": 1.79125}, "gpu0": {"p25": 0.0, "p50": 0.0, "p75": 0.0, "p95": 6.0, "upper": 0.0, "lower": 0.0}, "gpu0_memory": {"p25": 0.0, "p50": 0.0, "p75": 0.0, "p95": 0.0, "upper": 0.0, "lower": 0.0}}, "last_timestamp": 1708761000000000}, "Datapoints": 1878, "RuleParameters": "cpu_threshold_p95:70\ngpu_threshold_p95:70\ngpu_memory_threshold_p95:70\npatience:1000\nwindow:500"}