{"RuleTriggered": 1, "Violations": 2, "Details": {"pin_memory": false, "num_workers": 0, "cores": 8, "dataloaders": 1, "dataloading_time": {"p25": 6.8346184999999995, "p50": 7.209424, "p95": 7.8056072499999996, "probs": [2, 0, 0, 0, 0, 0, 0, 0, 0, 0, 0, 0, 0, 0, 0, 0, 1, 0, 0, 0, 0, 0, 0, 0, 0, 0, 0, 0, 0, 0, 0, 0, 0, 0, 0, 0, 0, 0, 0, 0, 0, 0, 0, 0, 0, 0, 0, 0, 0, 0, 1, 1, 0, 0, 1, 0, 0, 0, 0, 0, 0, 0, 0, 0, 0, 0, 2, 0, 0, 0, 2, 0, 0, 0, 0, 0, 0, 0, 0, 0, 0, 0, 1, 0, 0, 0, 0, 0, 0, 0, 0, 0, 0, 0, 0, 0, 0, 0, 0, 1], "binedges": [6.000041, 6.01996669, 6.03989238, 6.05981807, 6.07974376, 6.09966945, 6.11959514, 6.13952083, 6.15944652, 6.17937221, 6.1992979, 6.21922359, 6.23914928, 6.25907497, 6.27900066, 6.29892635, 6.31885204, 6.33877773, 6.35870342, 6.37862911, 6.3985548, 6.41848049, 6.43840618, 6.45833187, 6.47825756, 6.49818325, 6.51810894, 6.53803463, 6.55796032, 6.57788601, 6.5978117, 6.61773739, 6.63766308, 6.65758877, 6.67751446, 6.69744015, 6.71736584, 6.73729153, 6.75721722, 6.77714291, 6.7970686, 6.81699429, 6.83691998, 6.85684567, 6.87677136, 6.89669705, 6.91662274, 6.93654843, 6.95647412, 6.97639981, 6.9963255, 7.01625119, 7.03617688, 7.05610257, 7.07602826, 7.09595395, 7.11587964, 7.13580533, 7.15573102, 7.17565671, 7.1955824, 7.21550809, 7.23543378, 7.25535947, 7.27528516, 7.29521085, 7.31513654, 7.33506223, 7.35498792, 7.37491361, 7.3948393, 7.41476499, 7.43469068, 7.45461637, 7.47454206, 7.49446775, 7.51439344, 7.53431913, 7.55424482, 7.57417051, 7.5940962, 7.61402189, 7.63394758, 7.65387327, 7.67379896, 7.69372465, 7.71365034, 7.73357603, 7.75350172, 7.77342741, 7.7933531, 7.81327879, 7.83320448, 7.85313017, 7.87305586, 7.89298155, 7.91290724, 7.93283293, 7.95275862, 7.97268431, 7.99261]}}, "Datapoints": 12, "RuleParameters": "min_threshold:70\nmax_threshold:200"}