{"RuleTriggered": 0, "Violations": 34, "Details": {"low_gpu_utilization": 1825, "bottlenecks": {"1708761075.501553": {"GPUs": 1, "CPUs": 1}, "1708761078.500709": {"GPUs": 1, "CPUs": 1}, "1708761213.000915": {"GPUs": 1, "CPUs": 1}, "1708761213.501527": {"GPUs": 1, "CPUs": 1}, "1708761266.501281": {"GPUs": 1, "CPUs": 1}, "1708761267.0008": {"GPUs": 1, "CPUs": 1}, "1708761274.50103": {"GPUs": 1, "CPUs": 1}, "1708761275.001144": {"GPUs": 1, "CPUs": 1}, "1708761290.001624": {"GPUs": 1, "CPUs": 1}, "1708761321.500721": {"GPUs": 1, "CPUs": 1}, "1708761323.001657": {"GPUs": 1, "CPUs": 1}, "1708761323.500763": {"GPUs": 1, "CPUs": 1}, "1708761325.50083": {"GPUs": 1, "CPUs": 1}, "1708761326.00121": {"GPUs": 1, "CPUs": 1}, "1708761326.501725": {"GPUs": 1, "CPUs": 1}, "1708761327.001126": {"GPUs": 1, "CPUs": 1}, "1708761327.501318": {"GPUs": 1, "CPUs": 1}, "1708761328.001578": {"GPUs": 1, "CPUs": 1}, "1708761328.50093": {"GPUs": 1, "CPUs": 1}, "1708761329.001329": {"GPUs": 1, "CPUs": 1}, "1708761329.501528": {"GPUs": 1, "CPUs": 1}, "1708761330.501197": {"GPUs": 1, "CPUs": 1}, "1708761338.500804": {"GPUs": 1, "CPUs": 1}, "1708761339.000831": {"GPUs": 1, "CPUs": 1}, "1708761339.501086": {"GPUs": 1, "CPUs": 1}, "1708761342.501064": {"GPUs": 1, "CPUs": 1}, "1708761347.001727": {"GPUs": 1, "CPUs": 1}, "1708761348.001636": {"GPUs": 1, "CPUs": 1}, "1708761947.000785": {"GPUs": 1, "CPUs": 1}, "1708761948.5014": {"GPUs": 1, "CPUs": 1}, "1708761949.001466": {"GPUs": 1, "CPUs": 1}, "1708761949.501599": {"GPUs": 1, "CPUs": 1}, "1708761950.501564": {"GPUs": 1, "CPUs": 1}, "1708761954.501496": {"GPUs": 1, "CPUs": 1}}}, "Datapoints": 1880, "RuleParameters": "threshold:50\nio_threshold:50\ngpu_threshold:10\npatience:1000"}