{"RuleTriggered": 0, "Violations": 0, "Details": {"step_num": {"first": 1708761301057711, "last": 1708761935086571}, "job_start": 1708761020.500677, "job_end": 1708761959.501866}, "Datapoints": 63, "RuleParameters": "threshold:20"}