{"RuleTriggered": 0, "Violations": 0, "Details": {"ratio": {"gpu_functions-dev:0": 50.510887929027874, "cpu_functions": 49.489112070972126}, "phase": {"Step:ModeKeys.TRAIN": 84.3368321662162, "others": 11.467510444262901, "Step:ModeKeys.EVAL": 4.195657389520892}, "phase_time": {}, "general": {"DataLoaderIterInitialize": 0.000183076621309383, "DataLoaderIter": 16.09752652237388, "Forward": 83.9022904010048}, "CPU": {"aten::to": 5.294733176544092, "aten::copy_": 5.648835459973335, "enumerate(DataLoader)#_SingleProcessDataLoaderIter.__next__": 89.05643136348257}, "CPU_total": {"aten::to": 4753925, "aten::copy_": 5071859, "enumerate(DataLoader)#_SingleProcessDataLoaderIter.__next__": 79960138}, "GPU": {"aten::to": 5.203641776719847, "aten::copy_": 5.600415817494342, "enumerate(DataLoader)#_SingleProcessDataLoaderIter.__next__": 89.1959424057858}, "GPU_total": {"aten::to": 4602639, "aten::copy_": 4953587, "enumerate(DataLoader)#_SingleProcessDataLoaderIter.__next__": 78894117}}, "Datapoints": 0, "RuleParameters": ""}